<?xml version="1.0" encoding="utf-8"?>
<resources>
    <!-- From: file:/usr/local/google/buildbot/src/googleplex-android/mnc-supportlib-release/frameworks/support/v7/cardview/res/values/colors.xml -->
    <eat-comment/>
    <color name="cardview_dark_background">#FF202020</color>
    <color name="cardview_light_background">#FFFAFAFA</color>
    <color name="cardview_shadow_end_color">#03000000</color>
    <color name="cardview_shadow_start_color">#37000000</color>
    <declare-styleable name="CardView"><attr format="color" name="cardBackgroundColor"/><attr format="dimension" name="cardCornerRadius"/><attr format="dimension" name="cardElevation"/><attr format="dimension" name="cardMaxElevation"/><attr format="boolean" name="cardUseCompatPadding"/><attr format="boolean" name="cardPreventCornerOverlap"/><attr format="dimension" name="contentPadding"/><attr format="dimension" name="contentPaddingLeft"/><attr format="dimension" name="contentPaddingRight"/><attr format="dimension" name="contentPaddingTop"/><attr format="dimension" name="contentPaddingBottom"/></declare-styleable>
    <!-- From: file:/usr/local/google/buildbot/src/googleplex-android/mnc-supportlib-release/frameworks/support/v7/cardview/res/values/dimens.xml -->
    <eat-comment/>
    <dimen name="cardview_compat_inset_shadow">1dp</dimen>
    <dimen name="cardview_default_elevation">2dp</dimen>
    <dimen name="cardview_default_radius">2dp</dimen>
    <!-- From: file:/usr/local/google/buildbot/src/googleplex-android/mnc-supportlib-release/frameworks/support/v7/cardview/res/values/styles.xml -->
    <eat-comment/>
    <style name="CardView">
        <item name="cardBackgroundColor">@color/cardview_light_background</item>
        <item name="cardCornerRadius">@dimen/cardview_default_radius</item>
        <item name="cardElevation">@dimen/cardview_default_elevation</item>
        <item name="cardMaxElevation">@dimen/cardview_default_elevation</item>
        <item name="cardUseCompatPadding">false</item>
        <item name="cardPreventCornerOverlap">true</item>
    </style>
    <style name="CardView.Dark">
        <item name="cardBackgroundColor">@color/cardview_dark_background</item>
    </style>
    <style name="CardView.Light">
        <item name="cardBackgroundColor">@color/cardview_light_background</item>
    </style>
</resources>